true_bounds,sia_bounds,crown_bounds,bern_ibf_bounds,sia_time,crown_time,bern_ibf_time
"[[-0.022368124, -0.021384811], [-0.019191442, -0.018836465], [-0.01930061, -0.018900624], [-0.019319545, -0.018902265], [-0.019324046, -0.018888587]]","[[-51.055767, 140.3258], [-84.62619, 182.81671], [-60.024178, 186.4566], [-141.91306, 206.10565], [-94.84707, 204.95401]]","[[-0.035444926, 0.08822408], [-0.06395048, 0.12546088], [-0.040273245, 0.12595502], [-0.091551736, 0.14294004], [-0.05662067, 0.14936931]]","[[-1.092486023902893, 0.17725563049316406], [-1.2305041551589966, 0.3084390163421631], [-1.2619962692260742, 0.21000178158283234], [-1.0087605714797974, 0.6501412987709045], [-1.0142693519592285, 0.3896437883377075]]",0.0368754863739013,7.222497940063477,1.7789723873138428
"[[-0.0208698, -0.0208698], [-0.0182586, -0.0182586], [0.0181765, 0.0181765], [-0.0184268, -0.0184268], [0.0179381, 0.0179381]]","[[-145.92987, 488.32452], [-129.9093, 405.0951], [-138.57239, 457.09634], [-195.84564, 395.2263], [-218.7898, 524.0547]]","[[-8.32797, 31.389906], [-7.760981, 27.866644], [-8.33207, 31.7516], [-12.539998, 25.622015], [-13.73848, 35.86145]]","[[-1.2166776657104492, 0.30209770798683167], [-1.160710334777832, 0.28169429302215576], [-1.0910416841506958, 0.3472132086753845], [-1.0859565734863281, 0.8245385885238647], [-1.1126645803451538, 0.6529521346092224]]",0.0335409641265869,6.974020481109619,1.605970859527588
"[[-0.023628717, 0.5491049], [-0.020560201, 0.53899884], [-0.020154398, 0.5868015], [-0.02086802, 0.49939385], [-0.022305261, 0.5937156]]","[[-2743.1038, 7642.503], [-4629.0356, 9980.727], [-3212.5625, 10141.67], [-7724.17, 11133.016], [-4990.5566, 11096.419]]","[[-322.2488, 964.54474], [-510.96597, 1231.3088], [-368.79117, 1258.9989], [-880.0824, 1342.0181], [-607.5935, 1342.5948]]","[[-204.03273010253906, 451.0611877441406], [-342.5924377441406, 565.2023315429688], [-237.54489135742188, 597.9287109375], [-572.0046997070312, 620.8527221679688], [-368.5041809082031, 642.6796264648438]]",0.0336408615112304,6.79205322265625,1.8988428115844729
"[[-0.020789875, -0.011885094], [-0.019579008, 0.003557248], [-0.019854745, -0.00029499084], [-0.019653782, 0.003120631], [-0.019649722, 0.0010229684]]","[[-273.1486, 269.49606], [-546.802, 589.1829], [-661.3594, 461.2176], [-611.7494, 278.53735], [-634.86847, 310.8135]]","[[-26.621304, 23.10037], [-50.855034, 56.347603], [-65.570984, 42.323414], [-55.683144, 26.739248], [-57.612297, 29.157131]]","[[-0.15458625555038452, 0.16451358795166016], [-0.2841545045375824, 0.5573794841766357], [-0.39569079875946045, 0.39380943775177], [-1.0625357627868652, 0.46422553062438965], [-0.8928784728050232, 0.3019767105579376]]",0.0335111618041992,7.0136559009552,1.8511052131652832
"[[-0.049728155, 0.086245], [0.016492277, 0.032829106], [-0.027933855, -0.012966223], [0.017205454, 0.033244006], [-0.024497692, -0.0052985614]]","[[-23282.584, 52447.164], [-947.7274, 4878.5137], [-3927.944, 2198.1113], [-762.948, 6377.5884], [-3356.49, 3853.0713]]","[[-2029.6085, 4242.7056], [-81.80218, 435.51917], [-361.17825, 207.82959], [-62.930573, 582.81366], [-264.73035, 340.4135]]","[[-5044.24755859375, 8358.5498046875], [-205.13075256347656, 810.6929321289062], [-843.51416015625, 407.7945556640625], [-167.39735412597656, 1078.8001708984375], [-716.653564453125, 687.29296875]]",0.0316808223724365,7.122295379638672,1.7813684940338137
"[[-0.020632846, -0.010735089], [-0.019568777, -0.0019473769], [-0.019690486, -0.0015986301], [-0.019711968, -0.0018206816], [-0.019578563, -0.0010784212]]","[[-273.1486, 269.49606], [-546.802, 589.1829], [-661.3594, 461.2176], [-611.7494, 278.53735], [-634.86847, 310.8135]]","[[-26.621304, 23.10037], [-50.855034, 56.347603], [-65.570984, 42.323414], [-55.683144, 26.739248], [-57.612297, 29.157131]]","[[-0.15458625555038452, 0.16451358795166016], [-0.2841545045375824, 0.5573794841766357], [-0.39569079875946045, 0.39380943775177], [-1.0625357627868652, 0.46422553062438965], [-0.8928784728050232, 0.3019767105579376]]",0.0318439006805419,6.672746896743774,1.7794811725616455
"[[-0.04182285, 0.055724517], [0.017233495, 0.038991548], [-0.023072945, -0.013491096], [0.017261783, 0.04013061], [-0.021140799, -0.0018205084]]","[[-23282.584, 52447.164], [-947.7274, 4878.5137], [-3927.944, 2198.1113], [-762.948, 6377.5884], [-3356.49, 3853.0713]]","[[-2029.6085, 4242.7056], [-81.80218, 435.51917], [-361.17825, 207.82959], [-62.930573, 582.81366], [-264.73035, 340.4135]]","[[-5044.24755859375, 8358.5498046875], [-205.13075256347656, 810.6929321289062], [-843.51416015625, 407.7945556640625], [-167.39735412597656, 1078.8001708984375], [-716.653564453125, 687.29296875]]",0.0345432758331298,6.854051351547241,1.802884817123413
"[[-0.026121743, 0.099860206], [-0.02839359, -0.014674621], [0.017478831, 0.044114836], [-0.021448473, -0.0031745704], [0.017978156, 0.04666175]]","[[-50806.53, 197062.22], [-21199.605, 13904.0], [-4246.827, 28891.41], [-6657.6226, 18136.988], [-5169.697, 27861.465]]","[[-3813.946, 13311.069], [-1465.9645, 985.48395], [-314.92047, 1907.029], [-463.2366, 1169.1959], [-381.01587, 1873.269]]","[[-8021.154296875, 18969.11328125], [-3350.663330078125, 1627.3017578125], [-670.4370727539062, 2852.4716796875], [-1052.6832275390625, 1942.889892578125], [-817.1754760742188, 2726.606689453125]]",0.033313512802124,6.723276376724243,1.9942805767059328
"[[-0.036851294, 0.11806467], [-0.038151488, -0.013490614], [0.017488614, 0.044527613], [-0.023526788, -0.0021595713], [0.016538095, 0.050961226]]","[[-50806.53, 197062.22], [-21199.605, 13904.0], [-4246.827, 28891.41], [-6657.6226, 18136.988], [-5169.697, 27861.465]]","[[-3813.946, 13311.069], [-1465.9645, 985.48395], [-314.92047, 1907.029], [-463.2366, 1169.1959], [-381.01587, 1873.269]]","[[-58364.59765625, 178864.484375], [-24365.263671875, 13784.576171875], [-4879.34423828125, 26511.28125], [-7648.75390625, 17241.845703125], [-5939.12060546875, 25458.650390625]]",0.0327036380767822,7.063543796539307,1.9822099208831787
"[[-0.04289288, 0.10629153], [-0.03714052, -0.013997807], [0.01749431, 0.047186814], [-0.025152054, 0.00595396], [0.018137978, 0.05611898]]","[[-50806.53, 197062.22], [-21199.605, 13904.0], [-4246.827, 28891.41], [-6657.6226, 18136.988], [-5169.697, 27861.465]]","[[-3813.946, 13311.069], [-1465.9645, 985.48395], [-314.92047, 1907.029], [-463.2366, 1169.1959], [-381.01587, 1873.269]]","[[-3297.909423828125, 6508.53125], [-1386.2467041015625, 608.194580078125], [-276.4020690917969, 991.4327392578125], [-434.0975341796875, 699.8661499023438], [-337.4544372558594, 941.8875732421875]]",0.033484935760498,7.120285034179688,1.8211262226104736
"[[-0.032369714, 0.13800247], [-0.030026184, -0.008786618], [0.017460737, 0.06394093], [-0.023877434, -0.0010479745], [0.017590676, 0.065515876]]","[[-50806.53, 197062.22], [-21199.605, 13904.0], [-4246.827, 28891.41], [-6657.6226, 18136.988], [-5169.697, 27861.465]]","[[-3813.946, 13311.069], [-1465.9645, 985.48395], [-314.92047, 1907.029], [-463.2366, 1169.1959], [-381.01587, 1873.269]]","[[-57.637996673583984, 29.007375717163086], [-19.134521484375, 2.6067748069763184], [-3.714102268218994, 3.5535054206848145], [-1.0201480388641357, 5.810876369476318], [-6.167372703552246, 3.9559292793273926]]",0.0344297885894775,7.162399053573608,1.603133201599121
"[[-0.061503418, 0.07012353], [0.015962642, 0.03653951], [-0.02526331, -0.0110629015], [0.015940815, 0.036407232], [-0.022616474, -0.004754725]]","[[-23282.584, 52447.164], [-947.7274, 4878.5137], [-3927.944, 2198.1113], [-762.948, 6377.5884], [-3356.49, 3853.0713]]","[[-2029.6085, 4242.7056], [-81.80218, 435.51917], [-361.17825, 207.82959], [-62.930573, 582.81366], [-264.73035, 340.4135]]","[[-49.675567626953125, 43.31639099121094], [-2.159485340118408, 4.6103315353393555], [-8.290949821472168, 2.9112534523010254], [-1.6759698390960693, 6.580360412597656], [-7.407473564147949, 4.467388153076172]]",0.0333123207092285,7.192840576171875,2.230259418487549
"[[-0.045567516, 0.39478394], [0.017914617, 0.4121524], [-0.022087425, 0.36079717], [0.015193485, 0.42975372], [-0.032639287, 0.32906905]]","[[-8064.127, 16128.656], [-3939.4858, 7983.9834], [-3257.77, 8752.032], [-6053.8945, 8552.137], [-4628.371, 9092.168]]","[[-928.3824, 1687.9875], [-409.81985, 857.6951], [-340.81274, 906.6439], [-630.435, 886.78973], [-499.3433, 952.4789]]","[[-2941.738525390625, 4501.158203125], [-1436.6810302734375, 2320.529541015625], [-1187.62744140625, 2504.108154296875], [-2206.784912109375, 2408.37255859375], [-1687.201416015625, 2534.785400390625]]",0.0328586101531982,6.741790294647217,1.95137619972229
"[[-0.032965407, 0.40487134], [0.018442605, 0.40180662], [-0.02299878, 0.41367632], [0.018593455, 0.39124566], [-0.04951611, 0.41045716]]","[[-8064.127, 16128.656], [-3939.4858, 7983.9834], [-3257.77, 8752.032], [-6053.8945, 8552.137], [-4628.371, 9092.168]]","[[-928.3824, 1687.9875], [-409.81985, 857.6951], [-340.81274, 906.6439], [-630.435, 886.78973], [-499.3433, 952.4789]]","[[-15823.99609375, 24581.00390625], [-7850.2685546875, 12663.9833984375], [-6475.59521484375, 13678.3203125], [-12059.7890625, 13182.8154296875], [-9174.0703125, 13891.666015625]]",0.0333626270294189,7.096000909805298,1.9797348976135247
"[[-0.039283063, 0.43127087], [0.01792518, 0.46670687], [-0.0226452, 0.41121662], [0.01841683, 0.4749302], [-0.026284276, 0.39798167]]","[[-8064.127, 16128.656], [-3939.4858, 7983.9834], [-3257.77, 8752.032], [-6053.8945, 8552.137], [-4628.371, 9092.168]]","[[-928.3824, 1687.9875], [-409.81985, 857.6951], [-340.81274, 906.6439], [-630.435, 886.78973], [-499.3433, 952.4789]]","[[-1869.2213134765625, 3222.878173828125], [-912.33056640625, 1632.6710205078125], [-753.9691162109375, 1773.34814453125], [-1401.1011962890625, 1720.408203125], [-1071.3116455078125, 1816.9947509765625]]",0.0346438884735107,6.817384958267212,1.970801591873169
"[[-0.0442528, 0.5775305], [0.01856243, 0.62771946], [-0.022105832, 0.51625395], [0.017998138, 0.65413874], [-0.028423429, 0.42486587]]","[[-8064.127, 16128.656], [-3939.4858, 7983.9834], [-3257.77, 8752.032], [-6053.8945, 8552.137], [-4628.371, 9092.168]]","[[-928.3824, 1687.9875], [-409.81985, 857.6951], [-340.81274, 906.6439], [-630.435, 886.78973], [-499.3433, 952.4789]]","[[-3180.818603515625, 5172.22021484375], [-1556.0743408203125, 2643.1318359375], [-1278.975830078125, 2853.841796875], [-2393.79443359375, 2761.663330078125], [-1822.8001708984375, 2901.3056640625]]",0.0344927310943603,7.3181188106536865,2.020913362503052
"[[-0.03947716, 0.5059821], [0.018321717, 0.5076263], [-0.025897484, 0.5249751], [0.018557057, 0.4392096], [-0.022886489, 0.51867384]]","[[-8064.127, 16128.656], [-3939.4858, 7983.9834], [-3257.77, 8752.032], [-6053.8945, 8552.137], [-4628.371, 9092.168]]","[[-928.3824, 1687.9875], [-409.81985, 857.6951], [-340.81274, 906.6439], [-630.435, 886.78973], [-499.3433, 952.4789]]","[[-3180.818603515625, 5172.22021484375], [-1556.0743408203125, 2643.1318359375], [-1278.975830078125, 2853.841796875], [-2393.79443359375, 2761.663330078125], [-1822.8001708984375, 2901.3056640625]]",0.0343298912048339,6.834604740142822,1.9279217720031736
"[[-0.05893076, 0.41324833], [0.017945029, 0.42295322], [-0.022697333, 0.3676149], [0.017517593, 0.43994877], [-0.033052146, 0.30167356]]","[[-8064.127, 16128.656], [-3939.4858, 7983.9834], [-3257.77, 8752.032], [-6053.8945, 8552.137], [-4628.371, 9092.168]]","[[-928.3824, 1687.9875], [-409.81985, 857.6951], [-340.81274, 906.6439], [-630.435, 886.78973], [-499.3433, 952.4789]]","[[-1869.2213134765625, 3222.878173828125], [-912.33056640625, 1632.6710205078125], [-753.9691162109375, 1773.34814453125], [-1401.1011962890625, 1720.408203125], [-1071.3116455078125, 1816.9947509765625]]",0.0341556072235107,6.7547338008880615,1.9157538414001465
"[[-0.043886434, 0.52465737], [0.018274898, 0.51849264], [-0.022495799, 0.53177524], [0.016264303, 0.4769814], [-0.023380779, 0.46484178]]","[[-8064.127, 16128.656], [-3939.4858, 7983.9834], [-3257.77, 8752.032], [-6053.8945, 8552.137], [-4628.371, 9092.168]]","[[-928.3824, 1687.9875], [-409.81985, 857.6951], [-340.81274, 906.6439], [-630.435, 886.78973], [-499.3433, 952.4789]]","[[-2941.738525390625, 4501.158203125], [-1436.6810302734375, 2320.529541015625], [-1187.62744140625, 2504.108154296875], [-2206.784912109375, 2408.37255859375], [-1687.201416015625, 2534.785400390625]]",0.032351016998291,6.690152645111084,1.905236005783081
"[[-0.036730554, 0.06770228], [-0.027805012, -0.013243535], [0.017639857, 0.038187996], [-0.024193391, -0.0026973505], [0.016311783, 0.03842576]]","[[-50806.53, 197062.22], [-21199.605, 13904.0], [-4246.827, 28891.41], [-6657.6226, 18136.988], [-5169.697, 27861.465]]","[[-3813.946, 13311.069], [-1465.9645, 985.48395], [-314.92047, 1907.029], [-463.2366, 1169.1959], [-381.01587, 1873.269]]","[[-3738.97998046875, 7340.384765625], [-1508.28515625, 661.6514282226562], [-263.7846374511719, 1129.4959716796875], [-426.8508605957031, 790.0243530273438], [-335.7060546875, 1058.4207763671875]]",0.0341007709503173,6.787526845932007,1.6821134090423584
"[[-0.024591034, 0.577002], [-0.037641354, 0.59968174], [0.017671317, 0.59047997], [-0.01824796, 0.5812901], [0.0128662605, 0.5309507]]","[[-4656.729, 15063.859], [-3240.3628, 9893.605], [-3689.6406, 8890.193], [-2972.679, 12106.611], [-5817.6733, 9496.639]]","[[-399.58157, 1503.4976], [-326.66702, 988.66766], [-374.4749, 905.91846], [-327.4873, 1223.482], [-567.3029, 976.58527]]","[[-1843.84033203125, 4391.69775390625], [-1274.08056640625, 2940.752685546875], [-1446.2923583984375, 2687.394775390625], [-1165.2423095703125, 3613.680419921875], [-2281.45751953125, 2889.69384765625]]",0.0318505764007568,6.686119318008423,1.8256254196166992
"[[-0.02578683, 0.5763781], [-0.03889605, 0.566426], [0.016122028, 0.5726998], [-0.01856377, 0.5346066], [0.015858408, 0.49771938]]","[[-4656.729, 15063.859], [-3240.3628, 9893.605], [-3689.6406, 8890.193], [-2972.679, 12106.611], [-5817.6733, 9496.639]]","[[-399.58157, 1503.4976], [-326.66702, 988.66766], [-374.4749, 905.91846], [-327.4873, 1223.482], [-567.3029, 976.58527]]","[[-3097.896240234375, 7255.830078125], [-2146.685791015625, 4861.87841796875], [-2440.4931640625, 4447.298828125], [-1964.7633056640625, 5981.96630859375], [-3850.525390625, 4786.79150390625]]",0.0340375900268554,6.84411096572876,2.004800796508789
"[[-0.023903111, 0.54301745], [-0.031388722, 0.54479986], [0.017873636, 0.54049134], [-0.020053161, 0.50720346], [0.0155947665, 0.52047294]]","[[-4656.729, 15063.859], [-3240.3628, 9893.605], [-3689.6406, 8890.193], [-2972.679, 12106.611], [-5817.6733, 9496.639]]","[[-399.58157, 1503.4976], [-326.66702, 988.66766], [-374.4749, 905.91846], [-327.4873, 1223.482], [-567.3029, 976.58527]]","[[-4560.85791015625, 11003.6787109375], [-3165.554443359375, 7357.80224609375], [-3600.636962890625, 6718.61572265625], [-2899.8671875, 9050.5078125], [-5680.4208984375, 7227.55419921875]]",0.0325169563293457,6.728502511978149,1.8987925052642824
"[[-0.026216306, 0.46347183], [-0.03214103, 0.47284985], [0.01591444, 0.44625643], [-0.018408451, 0.4888315], [0.017730543, 0.34915304]]","[[-4656.729, 15063.859], [-3240.3628, 9893.605], [-3689.6406, 8890.193], [-2972.679, 12106.611], [-5817.6733, 9496.639]]","[[-399.58157, 1503.4976], [-326.66702, 988.66766], [-374.4749, 905.91846], [-327.4873, 1223.482], [-567.3029, 976.58527]]","[[-5062.47900390625, 12312.294921875], [-3514.3173828125, 8226.9091796875], [-3998.89013671875, 7509.2607421875], [-3221.52734375, 10119.4970703125], [-6308.31982421875, 8076.93896484375]]",0.0325186252593994,6.706464767456055,1.9311027526855469
"[[-0.024075842, 0.4358289], [-0.033293646, 0.38252613], [0.016597005, 0.46161753], [-0.01823598, 0.37990436], [0.008556051, 0.46079165]]","[[-4656.729, 15063.859], [-3240.3628, 9893.605], [-3689.6406, 8890.193], [-2972.679, 12106.611], [-5817.6733, 9496.639]]","[[-399.58157, 1503.4976], [-326.66702, 988.66766], [-374.4749, 905.91846], [-327.4873, 1223.482], [-567.3029, 976.58527]]","[[-1843.84033203125, 4391.69775390625], [-1274.08056640625, 2940.752685546875], [-1446.2923583984375, 2687.394775390625], [-1165.2423095703125, 3613.680419921875], [-2281.45751953125, 2889.69384765625]]",0.0335590839385986,7.057738542556763,1.9035100936889648
"[[-0.02183454, 0.44723812], [-0.03295062, 0.43454888], [0.01621341, 0.48906216], [-0.018353434, 0.3583183], [0.012116513, 0.43754986]]","[[-4656.729, 15063.859], [-3240.3628, 9893.605], [-3689.6406, 8890.193], [-2972.679, 12106.611], [-5817.6733, 9496.639]]","[[-399.58157, 1503.4976], [-326.66702, 988.66766], [-374.4749, 905.91846], [-327.4873, 1223.482], [-567.3029, 976.58527]]","[[-1427.0640869140625, 3726.355712890625], [-984.0961303710938, 2484.374755859375], [-1111.6944580078125, 2257.35595703125], [-899.6708374023438, 3041.186279296875], [-1756.448486328125, 2419.64453125]]",0.0342733860015869,6.934467554092407,1.8841099739074707
"[[-0.024327716, 0.46198943], [-0.028805893, 0.45699063], [0.015129995, 0.4605236], [-0.018643467, 0.46669385], [0.016681401, 0.4137985]]","[[-4656.729, 15063.859], [-3240.3628, 9893.605], [-3689.6406, 8890.193], [-2972.679, 12106.611], [-5817.6733, 9496.639]]","[[-399.58157, 1503.4976], [-326.66702, 988.66766], [-374.4749, 905.91846], [-327.4873, 1223.482], [-567.3029, 976.58527]]","[[-1048.5106201171875, 2536.937744140625], [-724.7098999023438, 1713.2552490234375], [-820.6053466796875, 1561.3958740234375], [-661.9686279296875, 2100.333251953125], [-1295.624267578125, 1673.478759765625]]",0.0424542427062988,6.821166038513184,1.821392297744751
"[[-0.021824338, 0.3651629], [-0.033538353, 0.36393845], [0.016795963, 0.41088384], [-0.018497555, 0.3768909], [0.014517355, 0.4135075]]","[[-4656.729, 15063.859], [-3240.3628, 9893.605], [-3689.6406, 8890.193], [-2972.679, 12106.611], [-5817.6733, 9496.639]]","[[-399.58157, 1503.4976], [-326.66702, 988.66766], [-374.4749, 905.91846], [-327.4873, 1223.482], [-567.3029, 976.58527]]","[[-999.8309936523438, 2393.235107421875], [-690.3717651367188, 1607.7396240234375], [-780.7318115234375, 1467.3912353515625], [-631.3281860351562, 1974.08154296875], [-1232.907958984375, 1575.5584716796875]]",0.0346839427947998,6.776876449584961,1.8122673034667969
"[[-0.02322448, 0.659126], [-0.030009044, 0.6570429], [0.01783841, 0.6590881], [-0.01957804, 0.66349256], [0.014536649, 0.57564116]]","[[-4656.729, 15063.859], [-3240.3628, 9893.605], [-3689.6406, 8890.193], [-2972.679, 12106.611], [-5817.6733, 9496.639]]","[[-399.58157, 1503.4976], [-326.66702, 988.66766], [-374.4749, 905.91846], [-327.4873, 1223.482], [-567.3029, 976.58527]]","[[-1471.4644775390625, 4007.485107421875], [-1022.9456176757812, 2664.816650390625], [-1165.8243408203125, 2413.740234375], [-945.3536987304688, 3277.873046875], [-1841.3028564453125, 2590.1640625]]",0.0325894355773925,7.0482177734375,1.798335075378418
"[[-0.022078644, 0.60741884], [-0.031304963, 0.551779], [0.017542275, 0.6447646], [-0.0183001, 0.49927786], [0.013049744, 0.6337969]]","[[-4656.729, 15063.859], [-3240.3628, 9893.605], [-3689.6406, 8890.193], [-2972.679, 12106.611], [-5817.6733, 9496.639]]","[[-399.58157, 1503.4976], [-326.66702, 988.66766], [-374.4749, 905.91846], [-327.4873, 1223.482], [-567.3029, 976.58527]]","[[-999.8309936523438, 2393.235107421875], [-690.3717651367188, 1607.7396240234375], [-780.7318115234375, 1467.3912353515625], [-631.3281860351562, 1974.08154296875], [-1232.907958984375, 1575.5584716796875]]",0.0331809520721435,6.797224283218384,1.7946991920471191
"[[-0.04181346, 0.48545197], [0.01770494, 0.51253587], [-0.021576658, 0.502456], [0.017786851, 0.51884663], [-0.023910943, 0.49219897]]","[[-8064.127, 16128.656], [-3939.4858, 7983.9834], [-3257.77, 8752.032], [-6053.8945, 8552.137], [-4628.371, 9092.168]]","[[-928.3824, 1687.9875], [-409.81985, 857.6951], [-340.81274, 906.6439], [-630.435, 886.78973], [-499.3433, 952.4789]]","[[-5311.1650390625, 8462.1298828125], [-2585.61669921875, 4330.69775390625], [-2132.16015625, 4671.6298828125], [-3978.27490234375, 4514.98681640625], [-3041.128662109375, 4739.5166015625]]",0.0345010757446289,6.691992521286011,1.889132261276245
"[[-0.024751402, 0.3688839], [-0.02245202, 0.35886174], [-0.019827168, 0.4314608], [-0.020224279, 0.29541814], [-0.019784857, 0.43237394]]","[[-56233.875, 18888.93], [-45886.46, 18680.082], [-63908.17, 16060.593], [-11336.309, 62694.484], [-71921.734, 20637.207]]","[[-7461.038, 1946.1761], [-5966.121, 2025.5908], [-8432.486, 1895.1216], [-973.31323, 6983.826], [-9319.569, 2230.6697]]","[[0.24913357198238373, 0.39598992466926575], [0.22527283430099487, 0.7642854452133179], [-2.2343924045562744, 0.0810966044664383], [-0.6517756581306458, 0.7339502573013306], [-4.916502475738525, 0.12614211440086365]]",0.0328078269958496,6.709789752960205,1.6876235008239746
"[[0.007930263, 0.6347305], [0.0061271656, 0.6762278], [0.0062202513, 0.6399637], [-0.003233919, 0.66644603], [-0.003653421, 0.5794254]]","[[-2198.0518, 738.09607], [-1790.6921, 729.632], [-2496.079, 626.7468], [-442.4618, 2448.437], [-2813.4229, 805.78644]]","[[-103.16062, 29.465326], [-80.92664, 30.572792], [-114.85793, 28.359928], [-15.50847, 97.371735], [-128.80222, 33.20997]]","[[-56.51420593261719, 66.11813354492188], [-39.3581657409668, 61.15523910522461], [-55.346351623535156, 39.95920181274414], [30.478458404541016, 62.0217170715332], [-67.21739959716797, 41.64986038208008]]",0.0344665050506591,6.868470907211304,1.411125659942627
"[[0.008202008, 0.63935953], [0.006399967, 0.68179566], [0.00649002, 0.6415006], [-0.00304004, 0.6724685], [-0.0033980897, 0.5835554]]","[[-2198.0518, 738.09607], [-1790.6921, 729.632], [-2496.079, 626.7468], [-442.4618, 2448.437], [-2813.4229, 805.78644]]","[[-103.16062, 29.465326], [-80.92664, 30.572792], [-114.85793, 28.359928], [-15.50847, 97.371735], [-128.80222, 33.20997]]","[[-0.19121885299682617, 18.56973648071289], [-0.2411123514175415, 13.864099502563477], [-0.17529886960983276, 23.342212677001953], [-0.09439849853515625, 3.0613412857055664], [-0.41828683018684387, 28.487998962402344]]",0.0350282192230224,7.072932243347168,1.341196060180664
"[[0.008044868, 0.63944924], [0.0063107423, 0.6820571], [0.0063082967, 0.6437162], [-0.0030151363, 0.67190665], [-0.0036020689, 0.5830055]]","[[-2198.0518, 738.09607], [-1790.6921, 729.632], [-2496.079, 626.7468], [-442.4618, 2448.437], [-2813.4229, 805.78644]]","[[-103.16062, 29.465326], [-80.92664, 30.572792], [-114.85793, 28.359928], [-15.50847, 97.371735], [-128.80222, 33.20997]]","[[-0.19121885299682617, 18.56973648071289], [-0.2411123514175415, 13.864099502563477], [-0.17529886960983276, 23.342212677001953], [-0.09439849853515625, 3.0613412857055664], [-0.41828683018684387, 28.487998962402344]]",0.0341036319732666,7.024742841720581,1.3158435821533203
"[[-0.023451967, 0.24848905], [-0.022127064, 0.28204414], [-0.019822022, 0.29540038], [-0.020649906, 0.28534073], [-0.021231348, 0.26687795]]","[[-56233.875, 18888.93], [-45886.46, 18680.082], [-63908.17, 16060.593], [-11336.309, 62694.484], [-71921.734, 20637.207]]","[[-7461.038, 1946.1761], [-5966.121, 2025.5908], [-8432.486, 1895.1216], [-973.31323, 6983.826], [-9319.569, 2230.6697]]","[[0.24913357198238373, 0.39598992466926575], [0.22527283430099487, 0.7642854452133179], [-2.2343924045562744, 0.0810966044664383], [-0.6517756581306458, 0.7339502573013306], [-4.916502475738525, 0.12614211440086365]]",0.0336036682128906,6.721114158630371,1.6862444877624512
"[[-0.02520432, 0.45270243], [-0.02180669, 0.4425462], [-0.019820828, 0.49367934], [-0.020653294, 0.379723], [-0.019843826, 0.49890867]]","[[-56233.875, 18888.93], [-45886.46, 18680.082], [-63908.17, 16060.593], [-11336.309, 62694.484], [-71921.734, 20637.207]]","[[-7461.038, 1946.1761], [-5966.121, 2025.5908], [-8432.486, 1895.1216], [-973.31323, 6983.826], [-9319.569, 2230.6697]]","[[0.24913357198238373, 0.39598992466926575], [0.22527283430099487, 0.7642854452133179], [-2.2343924045562744, 0.0810966044664383], [-0.6517756581306458, 0.7339502573013306], [-4.916502475738525, 0.12614211440086365]]",0.0320703983306884,6.668069839477539,1.6473205089569092
"[[-0.023316791, 0.56069994], [-0.022091022, 0.55236536], [-0.01982895, 0.6226012], [-0.025832295, 0.4272955], [-0.019308772, 0.6238848]]","[[-56233.875, 18888.93], [-45886.46, 18680.082], [-63908.17, 16060.593], [-11336.309, 62694.484], [-71921.734, 20637.207]]","[[-7461.038, 1946.1761], [-5966.121, 2025.5908], [-8432.486, 1895.1216], [-973.31323, 6983.826], [-9319.569, 2230.6697]]","[[-61.791259765625, 1.6208057403564453], [-52.006343841552734, 1.2074122428894043], [-77.16986083984375, 1.619367003440857], [-28.041122436523438, 1.3184151649475098], [-85.07293701171875, 1.7583085298538208]]",0.0349733829498291,6.773393392562866,1.540510177612305
"[[-0.023292424, 0.46848205], [-0.021438004, 0.45243824], [-0.01982027, 0.5232927], [-0.019631308, 0.37976927], [-0.019137064, 0.5393533]]","[[-56233.875, 18888.93], [-45886.46, 18680.082], [-63908.17, 16060.593], [-11336.309, 62694.484], [-71921.734, 20637.207]]","[[-7461.038, 1946.1761], [-5966.121, 2025.5908], [-8432.486, 1895.1216], [-973.31323, 6983.826], [-9319.569, 2230.6697]]","[[0.12944599986076355, 3.6350297927856445], [0.20594918727874756, 4.258657455444336], [0.15310296416282654, 3.779245615005493], [-0.350533127784729, 3.664407253265381], [-0.36610162258148193, 3.3293848037719727]]",0.033466100692749,6.695453643798828,1.951941728591919
"[[-0.022309287, 0.5807139], [-0.021619083, 0.6367315], [-0.019830994, 0.56000125], [-0.023854367, 0.66014934], [-0.019329712, 0.4686748]]","[[-56233.875, 18888.93], [-45886.46, 18680.082], [-63908.17, 16060.593], [-11336.309, 62694.484], [-71921.734, 20637.207]]","[[-7461.038, 1946.1761], [-5966.121, 2025.5908], [-8432.486, 1895.1216], [-973.31323, 6983.826], [-9319.569, 2230.6697]]","[[0.2605039179325104, 3.1415722370147705], [0.4704855978488922, 3.384784698486328], [0.314444899559021, 3.3244645595550537], [0.08932903409004211, 3.166259527206421], [-0.11090895533561707, 3.128828525543213]]",0.0330867767333984,6.739685535430908,1.842160701751709
"[[-0.022790883, 0.48712575], [-0.02132669, 0.4738347], [-0.019826766, 0.54352266], [-0.01980787, 0.41677845], [-0.019664472, 0.54652834]]","[[-56233.875, 18888.93], [-45886.46, 18680.082], [-63908.17, 16060.593], [-11336.309, 62694.484], [-71921.734, 20637.207]]","[[-7461.038, 1946.1761], [-5966.121, 2025.5908], [-8432.486, 1895.1216], [-973.31323, 6983.826], [-9319.569, 2230.6697]]","[[-6.1315717697143555, 4.580963611602783], [-6.042289733886719, 4.558469295501709], [-13.163093566894531, 7.075415134429932], [-7.50443696975708, 2.205151081085205], [-18.235675811767578, 7.065070152282715]]",0.0336494445800781,6.762179374694824,1.6788475513458252
"[[-0.022695154, 0.49099255], [-0.020922553, 0.4835872], [-0.019819409, 0.55180466], [-0.025463076, 0.40909946], [-0.020248251, 0.561999]]","[[-56233.875, 18888.93], [-45886.46, 18680.082], [-63908.17, 16060.593], [-11336.309, 62694.484], [-71921.734, 20637.207]]","[[-7461.038, 1946.1761], [-5966.121, 2025.5908], [-8432.486, 1895.1216], [-973.31323, 6983.826], [-9319.569, 2230.6697]]","[[-1.0965803861618042, 1.5995508432388306], [-1.6119647026062012, 0.8114410042762756], [-2.5965681076049805, 0.9384369254112244], [-0.4995279312133789, 0.3464396595954895], [-4.052242755889893, -0.4689192771911621]]",0.0322620868682861,7.517612934112549,1.7447397708892822
"[[-0.025128067, 0.45460585], [-0.021655727, 0.488885], [-0.019820437, 0.45611078], [-0.024974382, 0.47433513], [-0.019500997, 0.4046845]]","[[-56233.875, 18888.93], [-45886.46, 18680.082], [-63908.17, 16060.593], [-11336.309, 62694.484], [-71921.734, 20637.207]]","[[-7461.038, 1946.1761], [-5966.121, 2025.5908], [-8432.486, 1895.1216], [-973.31323, 6983.826], [-9319.569, 2230.6697]]","[[0.2783542275428772, 0.4542146623134613], [0.26676425337791443, 0.7135282158851624], [-0.47197818756103516, 0.5301427841186523], [-0.44789037108421326, 1.1925519704818726], [-2.3200180530548096, -0.8081814050674438]]",0.0337803363800048,6.770059585571289,1.774566650390625
"[[-0.023653897, 0.26307964], [-0.020990867, 0.25184807], [-0.019826315, 0.3078302], [-0.023381883, 0.22534485], [-0.019562775, 0.31190482]]","[[-56233.875, 18888.93], [-45886.46, 18680.082], [-63908.17, 16060.593], [-11336.309, 62694.484], [-71921.734, 20637.207]]","[[-7461.038, 1946.1761], [-5966.121, 2025.5908], [-8432.486, 1895.1216], [-973.31323, 6983.826], [-9319.569, 2230.6697]]","[[-1.0965803861618042, 1.5995508432388306], [-1.6119647026062012, 0.8114410042762756], [-2.5965681076049805, 0.9384369254112244], [-0.4995279312133789, 0.3464396595954895], [-4.052242755889893, -0.4689192771911621]]",0.0334060192108154,6.814055681228638,1.678269863128662
"[[-0.021204727, 0.38602576], [-0.021502513, 0.43818653], [-0.021805992, 0.36610413], [-0.029604532, 0.4460453], [-0.029641315, 0.3506619]]","[[-2426.3274, 7275.4985], [-3273.8984, 8431.173], [-2994.669, 8692.998], [-4843.5034, 9133.6455], [-4221.248, 8926.27]]","[[-296.0705, 867.0002], [-374.40796, 983.7736], [-359.6941, 1042.7731], [-544.66284, 1068.4113], [-521.702, 1075.7295]]","[[-5.483905792236328, 1.9746520519256592], [-6.115156173706055, 2.5425944328308105], [-6.591615200042725, 1.737419843673706], [-7.022454738616943, 2.469601631164551], [-7.182887554168701, 3.076260566711426]]",0.034775972366333,6.7847208976745605,1.7500808238983154
"[[-0.041214712, 0.15247576], [0.015781574, 0.042825907], [-0.036488876, -0.016287375], [0.017908586, 0.04333388], [-0.01867473, 0.0031671869]]","[[-30763.312, 70894.3], [-3453.0767, 10959.842], [-8605.341, 9551.388], [-4112.8164, 7900.1504], [-1081.9498, 9373.877]]","[[-3224.2312, 6974.2017], [-370.0427, 1119.2614], [-894.3444, 994.7309], [-421.53943, 802.1465], [-103.01821, 927.66797]]","[[-77.071533203125, 2.0235438346862793], [-10.833587646484375, 0.3842240869998932], [-1.2879421710968018, 2.871459484100342], [-9.447285652160645, 0.14328265190124512], [-2.2869954109191895, 0.0882447361946106]]",0.035454750061035156,6.8315229415893555,1.518937349319458
